id,family,name,footprint
arduino_uno,Arduino,Arduino UNO R3,MODULE_UNO
arduino_nano,Arduino,Arduino Nano,MODULE_NANO
arduino_mega,Arduino,Arduino Mega 2560,MODULE_MEGA
arduino_pro_mini,Arduino,Arduino Pro Mini,MODULE_PROMINI
atmega328p_dip,AVR,ATmega328P,DIP-28
atmega328p_tqfp,AVR,ATmega328P,TQFP-32
atmega2560,AVR,ATmega2560,TQFP-100
esp32_wroom,ESP32,ESP32-WROOM-32,MODULE_ESP32_WROOM
esp32_s3,ESP32,ESP32-S3,MODULE_ESP32_S3
esp8266_12e,ESP8266,ESP-12E,MODULE_ESP12E
rp2040,RP2040,RP2040,QFN-56
pico,RP2040,Raspberry Pi Pico,MODULE_PICO
stm32f103c8,STM32,STM32F103C8T6,LQFP-48
pic16f877a,PIC,PIC16F877A,DIP-40
r_0207,Passive,Resistor axial,THT_AXIAL
r_0603,Passive,Resistor 0603,R_0603
r_0805,Passive,Resistor 0805,R_0805
c_radial,Passive,Capacitor radial,C_RADIAL
c_0603,Passive,Capacitor 0603,C_0603
c_0805,Passive,Capacitor 0805,C_0805
led_5mm,Opto,LED 5mm,LED_THT_5MM
1n4148,Diode,1N4148,DO-35
1n4007,Diode,1N4007,DO-41
bc547,Transistor,BC547,TO-92
2n2222,Transistor,2N2222,TO-92
irfz44n,MOSFET,IRFZ44N,TO-220
lm7805,Power,LM7805,TO-220
ams1117_33,Power,AMS1117-3.3,SOT-223
lm317,Power,LM317,TO-220
ne555,IC,NE555,DIP-8
lm358,IC,LM358,DIP-8
pc817,Opto,PC817,DIP-4
l293d,Driver,L293D,DIP-16
uln2003,Driver,ULN2003,DIP-16
a4988,Driver,A4988 module,MODULE_A4988
drv8825,Driver,DRV8825 module,MODULE_DRV8825
dht11,Sensor,DHT11,MODULE_DHT11
dht22,Sensor,DHT22,MODULE_DHT22
ds18b20,Sensor,DS18B20,TO-92
hc_sr04,Sensor,HC-SR04,MODULE_HCSR04
mpu6050,Sensor,MPU6050 module,MODULE_MPU6050
bmp280,Sensor,BMP280 module,MODULE_BMP280
oled_i2c,Display,OLED I2C 0.96,MODULE_OLED
lcd1602,Display,LCD 16x2,MODULE_LCD1602
relay_5v,Relay,Relay 5V,THT_RELAY
header_1x,Connector,Pin Header 1xN,PIN_HEADER_1X
header_2x,Connector,Pin Header 2xN,PIN_HEADER_2X
terminal_2,Connector,Terminal 2 vias,TERMINAL_2
usb_c,Connector,USB-C receptacle,USB_C
